row,Persona,Caja,Codigo,Lugar,Encino,DUPLICADOS,ETIQUETA,COMENTARIO,LATITUD,LONGITUD,ALTITUD
1,sofia,1,VER89,VERACRUZ,SI,1,NO,,,,
2,sofia,1,Tony_A4,VERACRUZ,SI,2,NO,,,,
3,sofia,1,VER_QINSIGNIS_PARCELA,VERACRUZ,SI,6,NO,,,,
4,sofia,1,QINSIGNIS_A8B,VERACRUZ,SI,1,NO,,,,
5,sofia,1,VER_QINSIGNIS_58,VERACRUZ,SI,3,NO,,,,
6,sofia,1,QINSIGNIS_PARCELA_C1,VERACRUZ,SI,3,NO,,,,
7,sofia,1,QSP2_PARCELA,VERACRUZ,SI,1,NO,,,,
8,sofia,1,QS3C,VERACRUZ,SI,1,NO,,,,
9,sofia,1,VER74,VERACRUZ,SI,2,NO,,,,
10,sofia,1,Q07,VERACRUZ,SI,1,SI,,,,
11,sofia,1,Q08,VERACRUZ,SI,1,SI,,,,
12,sofia,1,Q4_CANADAS,VERACRUZ,SI,1,NO,,,,
13,sofia,1,Q05,VERACRUZ,SI,1,SI,,,,
14,sofia,1,Q03,VERACRUZ,SI,1,NO,COORD_EN_EJEMPLAR_VER_70,,,
15,sofia,1,Q06,VERACRUZ,SI,1,SI,,,,
16,sofia,1,Q01,VERACRUZ,SI,1,SI,,,,
17,sofia,1,Q09,VERACRUZ,SI,1,SI,COORD_EN_Q08,,,
18,sofia,1,Q08,VERACRUZ,SI,1,SI,COORD_EN_Q08,,,
19,sofia,1,Q12,VERACRUZ,SI,3,NO,COORD_EN_Q08,,,
20,sofia,1,Q13,VERACRUZ,SI,4,NO,COORD_EN_Q08,,,
21,sofia,1,Q14,VERACRUZ,SI,2,NO,COORD_EN_Q08,,,
22,sofia,1,Q17,VERACRUZ,SI,1,NO,COORD_EN_Q09,,,
23,sofia,1,ATZ04,VERACRUZ,SI,1,NO,,,,
24,sofia,1,ATZ01,VERACRUZ,SI,1,NO,,,,
25,sofia,1,Q16,VERACRUZ,SI,1,NO,COORD_EN_Q09,,,
26,sofia,1,Q19,VERACRUZ,SI,3,NO,,,,
27,sofia,1,Q21,VERACRUZ,SI,1,SI,,,,
28,sofia,1,Q23,VERACRUZ,SI,2,NO,,,,
29,sofia,1,Q24,VERACRUZ,SI,1,NO,COORD_EN_23,,,
30,sofia,1,Q25,VERACRUZ,SI,1,SI,,,,
31,sofia,1,Q26,VERACRUZ,SI,3,NO,,,,
32,sofia,1,Q27,VERACRUZ,SI,3,NO,,,,
33,sofia,1,Q28,VERACRUZ,SI,3,NO,,,,
34,sofia,1,Q29,VERACRUZ,SI,1,SI,,,,
35,sofia,1,Q30,VERACRUZ,SI,1,SI,,,,
36,sofia,1,Q31,VERACRUZ,SI,1,SI,IT52??,,,
37,sofia,1,Q32,VERACRUZ,SI,1,SI,,,,
38,sofia,1,Q33,VERACRUZ,SI,1,SI,,,,
39,sofia,1,Q34,VERACRUZ,SI,2,SI,,,,
40,sofia,1,Q35,VERACRUZ,SI,1,NO,,,,
41,sofia,1,Q37,VERACRUZ,SI,1,SI,,,,
42,sofia,1,Q38,VERACRUZ,SI,1,SI,,,,
43,sofia,1,Q39,VERACRUZ,SI,1,SI,,,,
44,sofia,1,Q40,VERACRUZ,SI,1,SI,,,,
45,sofia,1,Q41,VERACRUZ,SI,1,SI,,,,
46,sofia,1,Q42,VERACRUZ,SI,4,NO,SIN_COORDENADAS_ITS2?,,,
47,sofia,1,Q43,VERACRUZ,SI,3,SI/NO,2_NO_TIENEN_ETIQUETAS,,,
48,sofia,1,Q44,VERACRUZ,SI,3,NO,,,,
49,sofia,1,Q45,VERACRUZ,SI,1,SI,,,,
50,sofia,1,Q46,VERACRUZ,SI,1,NO,,,,
51,sofia,1,Q47,VERACRUZ,SI,3,NO,,,,
52,sofia,1,Q48,VERACRUZ,SI,3,SI,2_NO_TIENEN_ETIQUETAS,,,
53,sofia,1,Q49,VERACRUZ,SI,2,SI/NO,1_NO_TIENE_ETIQUETA,,,
54,sofia,1,Q50,VERACRUZ,SI,2,SI/NO,1_NO_TIENE_ETIQUETA,,,
55,sofia,1,Q51,VERACRUZ,SI,2,SI,,,,
56,sofia,1,Q52,VERACRUZ,SI,2,SI/NO,1_NO_TIENE_ETIQUETA,,,
57,sofia,1,Q53,VERACRUZ,SI,1,SI,,,,
58,sofia,1,HUT_PARCELA_03,VERACRUZ,SI,3,NO,,,,
59,sofia,1,HUT_PARCELA_2,VERACRUZ,SI,4,NO,,,,
60,sofia,1,HUT_PARCELA_01,VERACRUZ,SI,1,NO,,,,
61,sofia,1,HUT_PARCELA,VERACRUZ,SI,1,NO,,,,
62,sofia,1,HUT02,VERACRUZ,SI,3,NO,,,,
63,sofia,2,LC0822,JALISCO,SI,2,SI,,,,
64,sofia,2,LC0821,JALISCO,SI,2,SI,,,,
65,sofia,2,LC01-02,JALISCO,SI,2,SI,,,,
66,sofia,2,LC01-01,JALISCO,SI,2,SI,,,,
67,sofia,2,LC01-03,JALISCO,SI,2,SI,,,,
68,sofia,2,LC06-17,JALISCO,SI,2,SI,,,,
69,sofia,2,LC02-06,JALISCO,SI,2,SI,,,,
70,sofia,2,LC05-15,JALISCO,SI,2,SI,,,,
71,sofia,2,LC02-05,JALISCO,SI,2,SI,,,,
72,sofia,2,LC02-11,JALISCO,SI,2,SI,,,,
73,sofia,2,LC02-10,JALISCO,SI,2,SI,,,,
74,sofia,2,LC02-07,JALISCO,SI,2,SI,,,,
75,sofia,2,LC07-19,JALISCO,SI,1,SI,,,,
76,sofia,2,LC07-20,JALISCO,SI,2,SI,,,,
77,sofia,2,LC02-04,JALISCO,SI,1,SI,,,,
78,sofia,2,LC03-12,JALISCO,SI,2,SI,,,,
79,sofia,2,LC02-09,JALISCO,SI,1,SI,,,,
80,sofia,2,LC03-12,JALISCO,SI,1,SI,,,,
81,sofia,2,LC07-18,JALISCO,SI,2,SI,,,,
82,sofia,2,LC06-16,JALISCO,SI,2,SI,,,,
83,sofia,2,LC02-08,JALISCO,SI,2,SI,,,,
84,sofia,2,LC03-13,JALISCO,SI,2,SI,,,,
85,sofia,2,C04-09,JALISCO,SI,2,SI,,,,
86,sofia,2,C07-20,JALISCO,SI,2,SI,,,,
87,sofia,2,C12-40,JALISCO,SI,2,SI,,,,
88,sofia,2,C04-10,JALISCO,SI,2,SI,,,,
89,sofia,2,C07-23,JALISCO,SI,2,SI,,,,
90,sofia,2,C07-19,JALISCO,SI,2,SI,,,,
91,sofia,2,C09-34,JALISCO,SI,1,SI,,,,
92,sofia,2,C07-18,JALISCO,SI,2,SI,,,,
93,sofia,2,C03-08,JALISCO,SI,2,SI,,,,
94,sofia,2,C01-02,JALISCO,SI,1,SI,,,,
95,sofia,2,C01-03,JALISCO,SI,2,SI,,,,
96,sofia,2,C09-29,JALISCO,SI,1,SI,,,,
97,sofia,2,C08-25,JALISCO,SI,1,SI,,,,
98,sofia,2,C12-39,JALISCO,SI,2,SI,,,,
99,sofia,2,C06-15,JALISCO,SI,1,SI,,,,
100,sofia,2,C05-14,JALISCO,SI,2,SI,,,,
101,sofia,2,C10-37,JALISCO,SI,1,SI,,,,
102,sofia,2,C10-36,JALISCO,SI,2,SI,,,,
103,sofia,2,C03-07,JALISCO,SI,2,SI,,,,
104,sofia,2,C09-35,JALISCO,SI,2,SI,,,,
105,sofia,2,C11-38,JALISCO,SI,2,SI,,,,
106,sofia,2,C07-21,JALISCO,SI,2,SI,,,,
107,sofia,2,C09-28,JALISCO,SI,2,SI,,,,
108,sofia,2,C06-17,JALISCO,SI,2,SI,,,,
109,sofia,2,C09-32,JALISCO,SI,2,SI,,,,
110,sofia,2,C06-16,JALISCO,SI,2,SI,,,,
111,sofia,2,C08-24,JALISCO,SI,2,SI,,,,
112,sofia,2,C07-22,JALISCO,SI,1,SI,,,,
113,sofia,2,C09-33,JALISCO,SI,2,SI,,,,
114,sofia,2,C01-01,JALISCO,SI,2,SI,,,,
115,sofia,2,C02-15,JALISCO,SI,2,SI,,,,
116,sofia,2,C05-13,JALISCO,SI,2,SI,,,,
117,sofia,2,C09-30,JALISCO,SI,2,SI,,,,
118,sofia,2,C02-05,JALISCO,SI,2,SI,,,,
119,sofia,2,C02-06,JALISCO,SI,2,SI,,,,
120,sofia,2,C01-04,JALISCO,SI,2,SI,,,,
121,sofia,2,C09-37,JALISCO,SI,1,SI,CREO_QUE_ES_31,,,
122,sofia,2,C09-31,JALISCO,SI,2,SI,,,,
123,sofia,2,C09-26,JALISCO,SI,2,SI,,,,
124,sofia,2,C09-27,JALISCO,SI,2,SI,,,,
125,sofia,2,C05-11,JALISCO,SI,2,SI,,,,
126,sofia,2,C08-23,JALISCO,SI,2,SI,,,,
127,ale,1,MANANTLAN3,CUZALAPA,SI,3,NO,,,,
128,ale,1,CUZ7,CUZALAPA,SI,3,NO,,,,
129,ale,1,Q215,CUZALAPA,SI,3,NO,,,,
130,ale,1,MANANTLAN4,CUZALAPA,SI,3,NO,,,,
131,ale,1,MANANTLAN2,CUZALAPA,SI,2,NO,,,,
132,ale,1,MANANTLAN1,CUZALAPA,SI,2,NO,,,,
133,ale,1,CUZ9,CUZALAPA,SI,3,NO,,,,
134,ale,1,Q216,CUZALAPA,SI,3,NO,,,,
135,ale,1,Q217,CUZALAPA,SI,3,NO,,,,
136,ale,1,Q218,CUZALAPA,SI,3,NO,,,,
137,ale,1,CUZ4,CUZALAPA,SI,3,NO,,,,
138,ale,1,CUZ14,CUZALAPA,SI,2,NO,,,,
139,ale,1,CUZ13,CUZALAPA,SI,2,NO,,,,
140,ale,1,Q.insignis_MANANTLAN,CUZALAPA,SI,3,NO,,,,
141,ale,2,LC10-20,TALPA,SI,2,NO,,,,
142,ale,2,LC08-17,TALPA,SI,2,NO,,,,
143,ale,2,LC04-14,TALPA,SI,2,NO,,,,
144,ale,2,A18-31,TALPA,SI,2,SI,,,,
145,ale,2,A18-28,TALPA,SI,2,SI,,,,
146,ale,2,A17-27,TALPA,SI,2,SI,,,,
147,ale,2,A1-03,TALPA,SI,2,SI,,,,
148,ale,2,A7-15,TALPA,SI,2,SI,,,,
149,ale,2,A6-13,TALPA,SI,2,SI,,,,
150,ale,2,A1-05,TALPA,SI,2,SI,,,,
151,ale,2,T3-08,TALPA,SI,2,SI,,,,
152,ale,2,T03-10,TALPA,SI,2,SI,,,,
153,ale,2,T01-05,TALPA,SI,2,SI,,,,
154,ale,2,T03-09,TALPA,SI,2,SI,,,,
155,ale,2,T3-07,TALPA,SI,2,SI,,,,
156,ale,2,T3-06,TALPA,SI,2,SI,,,,
157,ale,2,T3-11,TALPA,SI,2,SI,,,,
158,ale,2,EV06-09,VILLA_CACOMA,SI,2,SI,,,,
159,ale,2,EV07-11,VILLA_CACOMA,SI,2,SI,,,,
160,ale,2,EVC03-04,VILLA_CACOMA,SI,2,SI,,,,
161,ale,2,EVC03-03,VILLA_CACOMA,SI,2,SI,,,,
162,ale,2,EVC07-10,VILLA_CACOMA,SI,2,SI,,,,
163,ale,2,EVC07-12,VILLA_CACOMA,SI,1,SI,,,,
164,ale,2,EVC07-13,VILLA_CACOMA,SI,2,SI,,,,
165,ale,2,EVC07-15,VILLA_CACOMA,SI,2,SI,,,,
166,ale,2,EVC07-16,VILLA_CACOMA,SI,2,SI,,,,
167,ale,2,EVC07-14,VILLA_CACOMA,SI,2,SI,,,,
168,ale,2,EVC06-07,VILLA_CACOMA,SI,2,SI,,,,
169,ale,2,EVC05-08,VILLA_CACOMA,SI,2,SI,,,,
170,ale,2,EVC01-01,VILLA_CACOMA,SI,2,SI,,,,
171,ale,2,EVC04-06,VILLA_CACOMA,SI,2,SI,,,,
172,ale,2,EVC14-25,VILLA_CACOMA,SI,2,SI,,,,
173,ale,2,EVC14-26,VILLA_CACOMA,SI,2,SI,,,,
174,ale,2,EVC08-18,VILLA_CACOMA,SI,2,SI,,,,
175,ale,2,EVC12-22,VILLA_CACOMA,SI,2,SI,,,,
176,ale,2,EVC13-23,VILLA_CACOMA,SI,2,SI,,,,
177,ale,2,EVC13-24,VILLA_CACOMA,SI,2,SI,,,,
178,ale,2,EVC15-27,VILLA_CACOMA,SI,2,SI,,,,
179,ale,2,EVC18-31,VILLA_CACOMA,SI,2,SI,,,,
180,ale,2,EVC19-32,VILLA_CACOMA,SI,2,SI,,,,
181,ale,2,EVC16-28,VILLA_CACOMA,SI,3,SI,,,,
182,ale,2,EVC17-30,VILLA_CACOMA,SI,2,SI,,,,
183,ale,2,EVC03-06,VILLA_CACOMA,SI,2,SI,,,,
184,ale,3,A12-20,TALPA,SI,2,SI,,,,
185,ale,3,A8-16,TALPA,SI,2,SI,,,,
186,ale,3,A5-12,TALPA,SI,3,SI,,,,
187,ale,3,A2-09,TALPA,SI,3,SI,,,,
188,ale,3,A2-08,TALPA,SI,3,SI,,,,
189,ale,3,A04-11,TALPA,SI,3,SI,,,,
190,ale,3,A13-021,TALPA,SI,3,SI,,,,
191,ale,3,A01-06,TALPA,SI,2,SI,,,,
192,ale,3,A01-04,TALPA,SI,3,SI,,,,
193,ale,3,A01-01,TALPA,SI,3,SI,,,,
194,ale,3,A014-24,TALPA,SI,3,SI,,,,
195,ale,3,A1-06,TALPA,SI,3,SI,,,,
196,ale,3,A1-02,TALPA,SI,2,SI,,,,
197,ale,3,A18-29,TALPA,SI,2,SI,,,,
198,ale,3,A3-10,TALPA,SI,2,SI,,,,
199,ale,3,A18-30,TALPA,SI,2,SI,,,,
200,ale,3,A14-23,TALPA,SI,2,SI,,,,
201,ale,3,A15-25,TALPA,SI,2,SI,,,,
202,ale,3,A7-14,TALPA,SI,1,SI,,,,
203,ale,3,A10-18,TALPA,SI,2,SI,,,,
204,ale,3,A12-20,TALPA,SI,2,SI,,,,
205,ale,3,A11-19,TALPA,SI,3,SI,,,,
206,ale,3,A09-17,TALPA,SI,2,SI,,,,
207,ale,3,A13-22,TALPA,SI,2,SI,,,,
208,ale,3,A16-26,TALPA,SI,2,SI,,,,
209,meli,1,G11,OAXACA,SI,1,NO,Quercus_insignis_,,,
210,meli,1,Yetzelalag_SIN02,OAXACA,SI,1,NO,Quercus_insignis_,,,
211,meli,1,Yetzelalag,OAXACA,SI,1,NO,Quercus_insignis_,,,
212,meli,1,BA11-17,OAXACA,SI,2,NO,,,,
213,meli,1,BA04-14,OAXACA,SI,2,NO,,,,
214,meli,1,BA07-12,OAXACA,SI,2,NO,,,,
215,meli,1,BA04-08,OAXACA,SI,2,NO,,,,
216,meli,1,BA03-06,OAXACA,SI,2,NO,,,,
217,meli,1,BA04-07,OAXACA,SI,2,NO,,,,
218,meli,1,BA04-09,OAXACA,SI,1,NO,,,,
219,meli,1,BA06-11,OAXACA,SI,2,NO,,,,
220,meli,1,BA02-04,OAXACA,SI,2,NO,,,,
221,meli,1,BA03-05,OAXACA,SI,2,NO,,,,
222,meli,1,Z06,OAXACA,SI,2,NO,,,,
223,meli,1,Z05,OAXACA,SI,1,SI,,,,
224,meli,1,Z02,OAXACA,SI,1,SI,,,,
225,meli,1,Z03,OAXACA,SI,1,SI,,,,
226,meli,1,Z01,OAXACA,SI,1,SI,,,,
227,meli,1,VA01-03,OAXACA,SI,1,SI,,,,
228,meli,1,VA01-01,OAXACA,SI,1,SI,,,,
229,meli,1,VA01-02,OAXACA,SI,1,SI,,,,
230,meli,1,VA10-15,OAXACA,SI,2,SI,,,,
231,meli,1,VA11-16,OAXACA,SI,2,SI,,,,
232,meli,1,VA05-10,OAXACA,SI,2,SI,,,,
233,meli,1,CH01-02,OAXACA,SI,2,SI,,,,
234,meli,1,CH01-04,OAXACA,SI,2,SI,,,,
235,meli,1,CH01-01,OAXACA,SI,2,SI,,,,
236,meli,1,CH01-08,OAXACA,SI,2,SI,,,,
237,meli,1,CH01-07,OAXACA,SI,2,SI,,,,
238,meli,1,CH04-12,OAXACA,SI,2,SI,,,,
239,meli,1,CH04-11,OAXACA,SI,2,SI,,,,
240,meli,1,CH02-09,OAXACA,SI,2,SI,,,,
241,meli,1,CH05-14,OAXACA,SI,2,SI,,,,
242,meli,1,CH01-06,OAXACA,SI,2,SI,,,,
243,meli,1,CH01-05,OAXACA,SI,2,SI,,,,
244,meli,1,CH01-03,OAXACA,SI,2,SI,,,,
245,meli,1,CH05-15,OAXACA,SI,2,SI,,,,
246,meli,1,CH04-13,OAXACA,SI,2,SI,,,,
247,meli,1,CH03-05,OAXACA,SI,2,SI,,,,
248,meli,1,CH03-10,OAXACA,SI,2,SI,,,,
249,meli,1,Y04,OAXACA,SI,2,NO,,,,
250,meli,1,Y01,OAXACA,SI,2,NO,,,,
251,meli,1,Y03,OAXACA,SI,2,NO,,,,
252,meli,1,Y06,OAXACA,SI,2,NO,,,,
253,meli,1,T01-01,JALISCO,SI,2,SI,Quercus_insignis,,,
254,meli,1,T01-02,JALISCO,SI,1,SI,Quercus_insignis,,,
255,meli,1,T01-03,JALISCO,SI,2,SI,Quercus_insignis,,,
256,meli,1,VC02-02,JALISCO,SI,3,SI,Quercus_insignis,,,
257,sergio,1,CR_02,SIERRA_GORDA,SI,3,NO,PREGUNTAR_A_ALE_POR_LOS_CODIGOS,,,
258,sergio,1,CR_01,SIERRA_GORDA,SI,3,NO,,,,
259,sergio,1,CHARCO1,SIERRA_GORDA,,3,NO,,,,
260,sergio,1,ROB1,SIERRA_GORDA,,3,NO,,,,
261,sergio,2,6685,CHAYOTEPEC,SI,2,NO,,,,
262,sergio,2,6686,CHAYOTEPEC,SI,3,NO,,,,
263,sergio,2,6687,CHAYOTEPEC,SI,3,NO,,,,
264,sergio,2,6697,CHAYOTEPEC,SI,3,NO,,,,
265,sergio,2,6706,CHAYOTEPEC,SI,3,NO,,,,
266,sergio,2,SRBC9,SAN_ISIDRO_LACHIGUSHE,SI,3,NO,,,,
267,sergio,2,6708,CHAYOTEPEC,NO,1,NO,,,,
268,sergio,2,6707,CHAYOTEPEC,NO,1,NO,,,,
269,sergio,2,SAC5,SAN_ANTONIO_CHIMALAPAS,SI,3,NO,,,,
270,sergio,2,LACHI1,SAN_ISIDRO_LACHIGUSHE,SI,3,NO,,,,
271,sergio,2,SIL4,SAN_ISIDRO_LACHIGUSHE,SI,3,NO,,,,
272,sergio,2,SIL8,SAN_ISIDRO_LACHIGUSHE,SI,3,NO,,,,
273,sergio,2,SMF1,SAN_MARTIN_SANTA_FLOR,SI,3,NO,,,,
274,sergio,2,SMF2,SAN_MARTIN_SANTA_FLOR,SI,3,NO,,,,
275,sergio,2,SMF7,SAN_MARTIN_SANTA_FLOR,SI,3,NO,,,,
276,sergio,2,SMF8,SAN_MARTIN_SANTA_FLOR,SI,3,NO,,,,
277,sergio,2,SMF9,SAN_MARTIN_SANTA_FLOR,SI,3,NO,,,,
278,sergio,2,SMF6,SAN_MARTIN_SANTA_FLOR,SI,3,NO,,,,
279,sergio,2,6673,CHAYOTEPEC,SI,3,NO,,,,
280,sergio,2,CHAYOTE1,CHAYOTEPEC,SI,3,NO,,,,
281,sergio,2,6703,CHAYOTEPEC,SI,3,NO,,,,
282,sergio,2,6684,CHAYOTEPEC,SI,3,NO,,,,
283,sergio,2,6713,CHAYOTEPEC,SI,3,NO,,,,
284,sergio,2,6672,CHAYOTEPEC,SI,2,NO,,,,
285,sergio,2,CHA5,CHAYOTEPEC,SI,3,NO,,,,
286,sergio,2,6700,CHAYOTEPEC,SI,3,NO,,,,
287,sergio,2,6712,CHAYOTEPEC,SI,2,NO,,,,
288,sergio,2,CHA8,CHAYOTEPEC,SI,3,NO,,,,
289,sergio,2,CHA4,CHAYOTEPEC,SI,3,NO,,,,
290,sergio,2,6699,CHAYOTEPEC,SI,3,NO,,,,
291,sergio,2,6685,CHAYOTEPEC,SI,1,NO,,,,
292,sergio,2,SMF4,SAN_MARTIN_SANTA_FLOR,SI,1,NO,,,,
293,sergio,2,SMF5,SAN_MARTIN_SANTA_FLOR,SI,2,NO,,,,
294,sergio,2,YTL5,YETZELALAG,NO,1,NO,,,,
295,sergio,2,YTL3,YETZELALAG,NO,1,NO,,,,
296,sergio,2,YTL2,YETZELALAG,NO,1,NO,,,,
297,sergio,2,YTL1,YETZELALAG,NO,2,NO,,,,
298,sergio,2,COP2,CONCEPCION_PAPALO,SI,3,NO,,,,
299,sergio,2,COP1,CONCEPCION_PAPALO,SI,3,NO,,,,
300,sergio,2,SMF4,SAN_MARTIN_SANTA_FLOR,SI,2,NO,,,,
301,sergio,2,SMF3,SAN_MARTIN_SANTA_FLOR,SI,3,NO,,,,
302,sergio,3,TUX1,LA_OTRA_OPCION,SI,3,NO,,18.37401,-94.925229,1039
303,sergio,3,TUX2,LA_OTRA_OPCION,SI,3,NO,,18.37458,-94.92281,1087
304,sergio,3,TUX3,LA_OTRA_OPCION,SI,1,NO,,18.37458,-94.92281,1087
305,sergio,3,TUX5,LA_OTRA_OPCION,SI,3,NO,,18.37442,-94.92149,1140
306,sergio,3,TUX6,LA_OTRA_OPCION,SI,3,NO,,18.37401,-94.92145,1130
307,sergio,3,TUX7,LA_OTRA_OPCION,SI,3,NO,,18.37389,-94.92144,1125
308,sergio,3,TUX8,LA_OTRA_OPCION,SI,1,NO,,18.57257,-95.15936,1016
309,sergio,3,TUX9,LA_OTRA_OPCION,SI,3,NO,,18.57257,-95.15936,1016
310,sergio,3,TUX10,LA_OTRA_OPCION,SI,3,NO,,18.56707,-95.15869,1020
311,sergio,3,ATZ_VER1,ATZINGO,SI,3,NO,,18.62238,-96.94914,965
312,sergio,3,ATZ_VER2,ATZINGO,SI,3,NO,,18.62238,-96.94914,965
313,sergio,3,SEDENO1,PLAN_SEDENO,SI,3,NO,,19.57218,-97.00612,1896
314,sergio,3,SEDENO2,PLAN_SEDENO,SI,3,NO,,19.57191,-97.00559,1892
315,sergio,3,SEDENO3,PLAN_SEDENO,SI,3,NO,,19.5718,-97.00562,1893
316,sergio,3,SEDENO5,PLAN_SEDENO,SI,3,NO,,19.57187,-97.00533,1895
317,sergio,3,SEDENO6,PLAN_SEDENO,SI,3,NO,,19.57187,-97.00533,1895
318,sergio,3,LOTO1,LA_OTRA_OPCION,SI,3,NO,,18.37329,-94.93132,921
319,sergio,3,LOTO2,LA_OTRA_OPCION,SI,3,NO,,18.37341,-94.93136,925
320,sergio,3,LOTO3,LA_OTRA_OPCION,SI,3,NO,,18.37347,-94.93143,926
321,sergio,3,LOTO4,LA_OTRA_OPCION,SI,4,NO,,18.37340,-94.93135,924
322,sergio,3,LOTO5,LA_OTRA_OPCION,SI,3,NO,,18.37413,-94.92536,1004
323,sergio,3,LOTO6,LA_OTRA_OPCION,SI,,NO,,18.37404,-94.92544,1034
324,sergio,3,LOTO7,LA_OTRA_OPCION,SI,1,NO,,18.37539,-94.92421,1084
325,sergio,3,LOTO8,LA_OTRA_OPCION,SI,3,NO,,18.37518,-94.92426,1077
326,sergio,3,LOTO9,LA_OTRA_OPCION,SI,3,NO,,18.37482,-94.92352,1061
327,sergio,3,LOTO10,LA_OTRA_OPCION,SI,2,NO,,18.37447,-94.92138,1137
328,sergio,3,LOTO11,LA_OTRA_OPCION,SI,,NO,,18.37333,-94.92155,1121
329,sergio,3,LOTO12,LA_OTRA_OPCION,SI,,NO,,18.37220,-94.92013,1061
330,sergio,3,LOTO13,LA_OTRA_OPCION,SI,1,NO,,18.37128,-94.92035,945
331,sergio,3,LOTO14,LA_OTRA_OPCION,SI,,NO,,18.37128,-94.92314,1121
332,sergio,3,SKINCAT1,EJIDO_CALERIAS,SI,3,NO,,18.54054,-95.14324,1066
333,sergio,3,SKINCAT2,EJIDO_CALERIAS,SI,1,NO,,18.54062,-95.14332,1066
334,sergio,3,SKINCAT3,EJIDO_CALERIAS,SI,3,NO,,18.53642,-95.13897,1060
335,sergio,3,SKINCAT4,EJIDO_CALERIAS,SI,3,NO,,18.56695,-95.15078,1014
336,sergio,3,SKINCAT5,EJIDO_CALERIAS,SI,3,NO,,18.56682,-95.15867,1018
337,sergio,3,SKINCAT6,EJIDO_CALERIAS,SI,,NO,,18.56675,-95.15867,1026
338,sergio,3,SKINCAT7,EJIDO_CALERIAS,SI,3,NO,,18.56697,-95.15865,1020
339,sergio,3,SKINCAT8,EJIDO_CALERIAS,SI,3,NO,,18.54069,-95.14415,1083
340,sergio,3,SKINCAT9,EJIDO_CALERIAS,SI,,NO,,18.54050,-95.14322,1080
341,sergio,3,SKINCAT10,EJIDO_CALERIAS,SI,,NO,,18.54038,-95.1433,1081
342,sergio,3,SKINCAT11,EJIDO_CALERIAS,SI,,NO,,18.54025,-95.14325,1081
